{
    "item_list" : [
        {
            "header" : "A",
            "number_1" : 12,
            "number_2" : 23,
            "number_3" : 25,
            "number_4" : 53,
            "number_5" : 66,
            "number_6" : 24
        },
        {
            "header" : "B",
            "number_1" : 4,
            "number_2" : 22,
            "number_3" : 23,
            "number_4" : 60,
            "number_5" : 62,
            "number_6" : 11
        }
    ],
    "winning_day" : "WED JAN13 16",
    "price" : 4.0,
    "month" : 1,
    "sales_number" : "10211100 967-031722777-158629 012133",
    "datetime" : "SUN JAN10 16  14:40:07",
    "note" : "MEGA MILLIONS JACKPOT\nNOW $15 MILLION.\nRESULTS STAR-M.JP\n",
    "barcode" : "0123456789012345678901234567890123456789"
}